record_id,scenario_id,case_id,layer,task_type,endpoint_family,condition,reference_answerability,reference_outcome,reference_basis,source_label,reference_quality_flag,disputed_reference,dispute_reason,source_scenario_path,source_ground_truth_path
L1-0001,S001,TC1,1,PRE_FLIGHT_AUTHORIZATION,AUTHORIZATION_DECISION,RAW,ANSWERABLE,REJECT,DETERMINISTIC,REJECT,FROZEN_SOURCE_LABEL,0,,data/main/layer1/scenarios/S001_geofence_basic.jsonc,data/main/layer1/references/S001_violations.json
L1-0002,S001,TC2,1,PRE_FLIGHT_AUTHORIZATION,AUTHORIZATION_DECISION,RAW,ANSWERABLE,REJECT,DETERMINISTIC,REJECT,FROZEN_SOURCE_LABEL,0,,data/main/layer1/scenarios/S001_geofence_basic.jsonc,data/main/layer1/references/S001_violations.json
L1-0003,S001,TC3,1,PRE_FLIGHT_AUTHORIZATION,AUTHORIZATION_DECISION,RAW,ANSWERABLE,REJECT,DETERMINISTIC,REJECT,FROZEN_SOURCE_LABEL,0,,data/main/layer1/scenarios/S001_geofence_basic.jsonc,data/main/layer1/references/S001_violations.json
L1-0004,S001,TC4,1,PRE_FLIGHT_AUTHORIZATION,AUTHORIZATION_DECISION,RAW,ANSWERABLE,APPROVE,DETERMINISTIC,APPROVE,DISPUTED_SOURCE_LABEL,1,"The source object calls the zone cylindrical, while its frozen label uses three-dimensional point-to-center distance at 50 m altitude.",data/main/layer1/scenarios/S001_geofence_basic.jsonc,data/main/layer1/references/S001_violations.json
L1-0005,S001,TC5,1,PRE_FLIGHT_AUTHORIZATION,AUTHORIZATION_DECISION,RAW,ANSWERABLE,APPROVE,DETERMINISTIC,APPROVE,FROZEN_SOURCE_LABEL,0,,data/main/layer1/scenarios/S001_geofence_basic.jsonc,data/main/layer1/references/S001_violations.json
L1-0006,S001,TC6,1,PRE_FLIGHT_AUTHORIZATION,AUTHORIZATION_DECISION,RAW,ANSWERABLE,APPROVE,DETERMINISTIC,APPROVE,FROZEN_SOURCE_LABEL,0,,data/main/layer1/scenarios/S001_geofence_basic.jsonc,data/main/layer1/references/S001_violations.json
L1-0007,S001,TC7,1,PRE_FLIGHT_AUTHORIZATION,AUTHORIZATION_DECISION,RAW,ANSWERABLE,APPROVE,DETERMINISTIC,APPROVE,FROZEN_SOURCE_LABEL,0,,data/main/layer1/scenarios/S001_geofence_basic.jsonc,data/main/layer1/references/S001_violations.json
L1-0008,S001,TC8,1,PRE_FLIGHT_AUTHORIZATION,AUTHORIZATION_DECISION,RAW,ANSWERABLE,REJECT,DETERMINISTIC,REJECT,FROZEN_SOURCE_LABEL,0,,data/main/layer1/scenarios/S001_geofence_basic.jsonc,data/main/layer1/references/S001_violations.json
L1-0009,S002,TC1,1,PRE_FLIGHT_AUTHORIZATION,AUTHORIZATION_DECISION,RAW,ANSWERABLE,REJECT,DETERMINISTIC,REJECT,FROZEN_SOURCE_LABEL,0,,data/main/layer1/scenarios/S002_multi_geofence.jsonc,data/main/layer1/references/S002_violations.json
L1-0010,S002,TC2,1,PRE_FLIGHT_AUTHORIZATION,AUTHORIZATION_DECISION,RAW,ANSWERABLE,REJECT,DETERMINISTIC,REJECT,FROZEN_SOURCE_LABEL,0,,data/main/layer1/scenarios/S002_multi_geofence.jsonc,data/main/layer1/references/S002_violations.json
L1-0011,S002,TC3,1,PRE_FLIGHT_AUTHORIZATION,AUTHORIZATION_DECISION,RAW,ANSWERABLE,APPROVE,DETERMINISTIC,APPROVE,FROZEN_SOURCE_LABEL,0,,data/main/layer1/scenarios/S002_multi_geofence.jsonc,data/main/layer1/references/S002_violations.json
L1-0012,S002,TC4,1,PRE_FLIGHT_AUTHORIZATION,AUTHORIZATION_DECISION,RAW,ANSWERABLE,APPROVE,DETERMINISTIC,APPROVE,FROZEN_SOURCE_LABEL,0,,data/main/layer1/scenarios/S002_multi_geofence.jsonc,data/main/layer1/references/S002_violations.json
L1-0013,S003,TC1,1,PRE_FLIGHT_AUTHORIZATION,AUTHORIZATION_DECISION,RAW,ANSWERABLE,REJECT,DETERMINISTIC,REJECT,FROZEN_SOURCE_LABEL,0,,data/main/layer1/scenarios/S003_path_crossing.jsonc,data/main/layer1/references/S003_violations.json
L1-0014,S003,TC2,1,PRE_FLIGHT_AUTHORIZATION,AUTHORIZATION_DECISION,RAW,ANSWERABLE,APPROVE,DETERMINISTIC,APPROVE,FROZEN_SOURCE_LABEL,0,,data/main/layer1/scenarios/S003_path_crossing.jsonc,data/main/layer1/references/S003_violations.json
L1-0015,S003,TC3,1,PRE_FLIGHT_AUTHORIZATION,AUTHORIZATION_DECISION,RAW,ANSWERABLE,REJECT,DETERMINISTIC,REJECT,FROZEN_SOURCE_LABEL,0,,data/main/layer1/scenarios/S003_path_crossing.jsonc,data/main/layer1/references/S003_violations.json
L1-0016,S003,TC4,1,PRE_FLIGHT_AUTHORIZATION,AUTHORIZATION_DECISION,RAW,ANSWERABLE,APPROVE,DETERMINISTIC,APPROVE,FROZEN_SOURCE_LABEL,0,,data/main/layer1/scenarios/S003_path_crossing.jsonc,data/main/layer1/references/S003_violations.json
L1-0017,S004,TC1,1,PRE_FLIGHT_AUTHORIZATION,AUTHORIZATION_DECISION,RAW,ANSWERABLE,REJECT,DETERMINISTIC,REJECT,FROZEN_SOURCE_LABEL,0,,data/main/layer1/scenarios/S004_airport_zones.jsonc,data/main/layer1/references/S004_violations.json
L1-0018,S004,TC2,1,PRE_FLIGHT_AUTHORIZATION,AUTHORIZATION_DECISION,RAW,ANSWERABLE,REJECT,DETERMINISTIC,REJECT,FROZEN_SOURCE_LABEL,0,,data/main/layer1/scenarios/S004_airport_zones.jsonc,data/main/layer1/references/S004_violations.json
L1-0019,S004,TC3,1,PRE_FLIGHT_AUTHORIZATION,AUTHORIZATION_DECISION,RAW,ANSWERABLE,APPROVE,DETERMINISTIC,APPROVE_WITH_WARNING,FROZEN_SOURCE_LABEL,0,,data/main/layer1/scenarios/S004_airport_zones.jsonc,data/main/layer1/references/S004_violations.json
L1-0020,S004,TC4,1,PRE_FLIGHT_AUTHORIZATION,AUTHORIZATION_DECISION,RAW,ANSWERABLE,APPROVE,DETERMINISTIC,APPROVE,FROZEN_SOURCE_LABEL,0,,data/main/layer1/scenarios/S004_airport_zones.jsonc,data/main/layer1/references/S004_violations.json
L1-0021,S005,TC1,1,PRE_FLIGHT_AUTHORIZATION,AUTHORIZATION_DECISION,RAW,ANSWERABLE,APPROVE,DETERMINISTIC,APPROVE,FROZEN_SOURCE_LABEL,0,,data/main/layer1/scenarios/S005_dynamic_tfr.jsonc,data/main/layer1/references/S005_violations.json
L1-0022,S005,TC2,1,PRE_FLIGHT_AUTHORIZATION,AUTHORIZATION_DECISION,RAW,ANSWERABLE,REJECT,DETERMINISTIC,REJECT,FROZEN_SOURCE_LABEL,0,,data/main/layer1/scenarios/S005_dynamic_tfr.jsonc,data/main/layer1/references/S005_violations.json
L1-0023,S005,TC3,1,PRE_FLIGHT_AUTHORIZATION,AUTHORIZATION_DECISION,RAW,ANSWERABLE,APPROVE,DETERMINISTIC,APPROVE,FROZEN_SOURCE_LABEL,0,,data/main/layer1/scenarios/S005_dynamic_tfr.jsonc,data/main/layer1/references/S005_violations.json
L1-0024,S005,TC4,1,PRE_FLIGHT_AUTHORIZATION,AUTHORIZATION_DECISION,RAW,ANSWERABLE,REJECT,DETERMINISTIC,REJECT,FROZEN_SOURCE_LABEL,0,,data/main/layer1/scenarios/S005_dynamic_tfr.jsonc,data/main/layer1/references/S005_violations.json
L1-0025,S005,TC5,1,PRE_FLIGHT_AUTHORIZATION,AUTHORIZATION_DECISION,RAW,ANSWERABLE,APPROVE,DETERMINISTIC,APPROVE,FROZEN_SOURCE_LABEL,0,,data/main/layer1/scenarios/S005_dynamic_tfr.jsonc,data/main/layer1/references/S005_violations.json
L1-0026,S006,TC1,1,PRE_FLIGHT_AUTHORIZATION,AUTHORIZATION_DECISION,RAW,ANSWERABLE,APPROVE,DETERMINISTIC,APPROVE,FROZEN_SOURCE_LABEL,0,,data/main/layer1/scenarios/S006_altitude_limit.jsonc,data/main/layer1/references/S006_violations.json
L1-0027,S006,TC2,1,PRE_FLIGHT_AUTHORIZATION,AUTHORIZATION_DECISION,RAW,ANSWERABLE,APPROVE,DETERMINISTIC,APPROVE,FROZEN_SOURCE_LABEL,0,,data/main/layer1/scenarios/S006_altitude_limit.jsonc,data/main/layer1/references/S006_violations.json
L1-0028,S006,TC3,1,PRE_FLIGHT_AUTHORIZATION,AUTHORIZATION_DECISION,RAW,ANSWERABLE,REJECT,DETERMINISTIC,REJECT,FROZEN_SOURCE_LABEL,0,,data/main/layer1/scenarios/S006_altitude_limit.jsonc,data/main/layer1/references/S006_violations.json
L1-0029,S006,TC4,1,PRE_FLIGHT_AUTHORIZATION,AUTHORIZATION_DECISION,RAW,ANSWERABLE,REJECT,DETERMINISTIC,REJECT,FROZEN_SOURCE_LABEL,0,,data/main/layer1/scenarios/S006_altitude_limit.jsonc,data/main/layer1/references/S006_violations.json
L1-0030,S006,TC5,1,PRE_FLIGHT_AUTHORIZATION,AUTHORIZATION_DECISION,RAW,ANSWERABLE,REJECT,DETERMINISTIC,REJECT,FROZEN_SOURCE_LABEL,0,,data/main/layer1/scenarios/S006_altitude_limit.jsonc,data/main/layer1/references/S006_violations.json
L1-0031,S006,TC6,1,PRE_FLIGHT_AUTHORIZATION,AUTHORIZATION_DECISION,RAW,ANSWERABLE,APPROVE,DETERMINISTIC,APPROVE,FROZEN_SOURCE_LABEL,0,,data/main/layer1/scenarios/S006_altitude_limit.jsonc,data/main/layer1/references/S006_violations.json
L1-0032,S007,TC1,1,PRE_FLIGHT_AUTHORIZATION,AUTHORIZATION_DECISION,RAW,ANSWERABLE,APPROVE,DETERMINISTIC,APPROVE,FROZEN_SOURCE_LABEL,0,,data/main/layer1/scenarios/S007_zone_altitude_limits.jsonc,data/main/layer1/references/S007_violations.json
L1-0033,S007,TC2,1,PRE_FLIGHT_AUTHORIZATION,AUTHORIZATION_DECISION,RAW,ANSWERABLE,REJECT,DETERMINISTIC,REJECT,FROZEN_SOURCE_LABEL,0,,data/main/layer1/scenarios/S007_zone_altitude_limits.jsonc,data/main/layer1/references/S007_violations.json
L1-0034,S007,TC3,1,PRE_FLIGHT_AUTHORIZATION,AUTHORIZATION_DECISION,RAW,ANSWERABLE,REJECT,DETERMINISTIC,REJECT,FROZEN_SOURCE_LABEL,0,,data/main/layer1/scenarios/S007_zone_altitude_limits.jsonc,data/main/layer1/references/S007_violations.json
L1-0035,S007,TC4,1,PRE_FLIGHT_AUTHORIZATION,AUTHORIZATION_DECISION,RAW,ANSWERABLE,APPROVE,DETERMINISTIC,APPROVE,FROZEN_SOURCE_LABEL,0,,data/main/layer1/scenarios/S007_zone_altitude_limits.jsonc,data/main/layer1/references/S007_violations.json
L1-0036,S007,TC5,1,PRE_FLIGHT_AUTHORIZATION,AUTHORIZATION_DECISION,RAW,ANSWERABLE,REJECT,DETERMINISTIC,REJECT,FROZEN_SOURCE_LABEL,0,,data/main/layer1/scenarios/S007_zone_altitude_limits.jsonc,data/main/layer1/references/S007_violations.json
L1-0037,S007,TC6,1,PRE_FLIGHT_AUTHORIZATION,AUTHORIZATION_DECISION,RAW,ANSWERABLE,APPROVE,DETERMINISTIC,APPROVE,FROZEN_SOURCE_LABEL,0,,data/main/layer1/scenarios/S007_zone_altitude_limits.jsonc,data/main/layer1/references/S007_violations.json
L1-0038,S007,TC7,1,PRE_FLIGHT_AUTHORIZATION,AUTHORIZATION_DECISION,RAW,ANSWERABLE,REJECT,DETERMINISTIC,REJECT,FROZEN_SOURCE_LABEL,0,,data/main/layer1/scenarios/S007_zone_altitude_limits.jsonc,data/main/layer1/references/S007_violations.json
L1-0039,S007,TC8,1,PRE_FLIGHT_AUTHORIZATION,AUTHORIZATION_DECISION,RAW,ANSWERABLE,REJECT,DETERMINISTIC,REJECT,FROZEN_SOURCE_LABEL,0,,data/main/layer1/scenarios/S007_zone_altitude_limits.jsonc,data/main/layer1/references/S007_violations.json
L1-0040,S008,TC1,1,PRE_FLIGHT_AUTHORIZATION,AUTHORIZATION_DECISION,RAW,ANSWERABLE,REJECT,DETERMINISTIC,REJECT,FROZEN_SOURCE_LABEL,0,,data/main/layer1/scenarios/S008_structure_waiver.jsonc,data/main/layer1/references/S008_violations.json
L1-0041,S008,TC2,1,PRE_FLIGHT_AUTHORIZATION,AUTHORIZATION_DECISION,RAW,ANSWERABLE,APPROVE,DETERMINISTIC,APPROVE,FROZEN_SOURCE_LABEL,0,,data/main/layer1/scenarios/S008_structure_waiver.jsonc,data/main/layer1/references/S008_violations.json
L1-0042,S008,TC3,1,PRE_FLIGHT_AUTHORIZATION,AUTHORIZATION_DECISION,RAW,ANSWERABLE,REJECT,DETERMINISTIC,REJECT,FROZEN_SOURCE_LABEL,0,,data/main/layer1/scenarios/S008_structure_waiver.jsonc,data/main/layer1/references/S008_violations.json
L1-0043,S008,TC4,1,PRE_FLIGHT_AUTHORIZATION,AUTHORIZATION_DECISION,RAW,ANSWERABLE,REJECT,DETERMINISTIC,REJECT,FROZEN_SOURCE_LABEL,0,,data/main/layer1/scenarios/S008_structure_waiver.jsonc,data/main/layer1/references/S008_violations.json
L1-0044,S009,TC1,1,PRE_FLIGHT_AUTHORIZATION,AUTHORIZATION_DECISION,RAW,ANSWERABLE,APPROVE,DETERMINISTIC,APPROVE,FROZEN_SOURCE_LABEL,0,,data/main/layer1/scenarios/S009_speed_limit.jsonc,data/main/layer1/references/S009_violations.json
L1-0045,S009,TC2,1,PRE_FLIGHT_AUTHORIZATION,AUTHORIZATION_DECISION,RAW,ANSWERABLE,APPROVE,DETERMINISTIC,APPROVE,FROZEN_SOURCE_LABEL,0,,data/main/layer1/scenarios/S009_speed_limit.jsonc,data/main/layer1/references/S009_violations.json
L1-0046,S009,TC3,1,PRE_FLIGHT_AUTHORIZATION,AUTHORIZATION_DECISION,RAW,ANSWERABLE,REJECT,DETERMINISTIC,REJECT,DISPUTED_SOURCE_LABEL,1,The command value 27.78 m/s converts to 100.008 km/h; the source label depends on comparison before display rounding.,data/main/layer1/scenarios/S009_speed_limit.jsonc,data/main/layer1/references/S009_violations.json
L1-0047,S009,TC4,1,PRE_FLIGHT_AUTHORIZATION,AUTHORIZATION_DECISION,RAW,ANSWERABLE,REJECT,DETERMINISTIC,REJECT,FROZEN_SOURCE_LABEL,0,,data/main/layer1/scenarios/S009_speed_limit.jsonc,data/main/layer1/references/S009_violations.json
L1-0048,S009,TC5,1,PRE_FLIGHT_AUTHORIZATION,AUTHORIZATION_DECISION,RAW,ANSWERABLE,REJECT,DETERMINISTIC,REJECT,FROZEN_SOURCE_LABEL,0,,data/main/layer1/scenarios/S009_speed_limit.jsonc,data/main/layer1/references/S009_violations.json
L1-0049,S009,TC6,1,PRE_FLIGHT_AUTHORIZATION,AUTHORIZATION_DECISION,RAW,ANSWERABLE,APPROVE,DETERMINISTIC,APPROVE,FROZEN_SOURCE_LABEL,0,,data/main/layer1/scenarios/S009_speed_limit.jsonc,data/main/layer1/references/S009_violations.json
L1-0050,S010,TC1,1,PRE_FLIGHT_AUTHORIZATION,AUTHORIZATION_DECISION,RAW,ANSWERABLE,APPROVE,DETERMINISTIC,APPROVE,FROZEN_SOURCE_LABEL,0,,data/main/layer1/scenarios/S010_zone_speed_limits.jsonc,data/main/layer1/references/S010_violations.json
L1-0051,S010,TC2,1,PRE_FLIGHT_AUTHORIZATION,AUTHORIZATION_DECISION,RAW,ANSWERABLE,APPROVE,DETERMINISTIC,APPROVE,FROZEN_SOURCE_LABEL,0,,data/main/layer1/scenarios/S010_zone_speed_limits.jsonc,data/main/layer1/references/S010_violations.json
L1-0052,S010,TC3,1,PRE_FLIGHT_AUTHORIZATION,AUTHORIZATION_DECISION,RAW,ANSWERABLE,REJECT,DETERMINISTIC,REJECT,FROZEN_SOURCE_LABEL,0,,data/main/layer1/scenarios/S010_zone_speed_limits.jsonc,data/main/layer1/references/S010_violations.json
L1-0053,S010,TC4,1,PRE_FLIGHT_AUTHORIZATION,AUTHORIZATION_DECISION,RAW,ANSWERABLE,APPROVE,DETERMINISTIC,APPROVE,DISPUTED_SOURCE_LABEL,1,"The straight segment from (0,0) to (500,500) intersects the residential speed zone, contrary to the frozen source label's stated path classification.",data/main/layer1/scenarios/S010_zone_speed_limits.jsonc,data/main/layer1/references/S010_violations.json
L1-0054,S011,TC1,1,PRE_FLIGHT_AUTHORIZATION,AUTHORIZATION_DECISION,RAW,ANSWERABLE,APPROVE,DETERMINISTIC,APPROVE,FROZEN_SOURCE_LABEL,0,,data/main/layer1/scenarios/S011_night_flight.jsonc,data/main/layer1/references/S011_violations.json
L1-0055,S011,TC2,1,PRE_FLIGHT_AUTHORIZATION,AUTHORIZATION_DECISION,RAW,ANSWERABLE,APPROVE,DETERMINISTIC,APPROVE,FROZEN_SOURCE_LABEL,0,,data/main/layer1/scenarios/S011_night_flight.jsonc,data/main/layer1/references/S011_violations.json
L1-0056,S011,TC3,1,PRE_FLIGHT_AUTHORIZATION,AUTHORIZATION_DECISION,RAW,ANSWERABLE,REJECT,DETERMINISTIC,REJECT,FROZEN_SOURCE_LABEL,0,,data/main/layer1/scenarios/S011_night_flight.jsonc,data/main/layer1/references/S011_violations.json
L1-0057,S011,TC4,1,PRE_FLIGHT_AUTHORIZATION,AUTHORIZATION_DECISION,RAW,ANSWERABLE,REJECT,DETERMINISTIC,REJECT,FROZEN_SOURCE_LABEL,0,,data/main/layer1/scenarios/S011_night_flight.jsonc,data/main/layer1/references/S011_violations.json
L1-0058,S011,TC5,1,PRE_FLIGHT_AUTHORIZATION,AUTHORIZATION_DECISION,RAW,ANSWERABLE,APPROVE,DETERMINISTIC,APPROVE,FROZEN_SOURCE_LABEL,0,,data/main/layer1/scenarios/S011_night_flight.jsonc,data/main/layer1/references/S011_violations.json
L1-0059,S011,TC6,1,PRE_FLIGHT_AUTHORIZATION,AUTHORIZATION_DECISION,RAW,ANSWERABLE,REJECT,DETERMINISTIC,REJECT,FROZEN_SOURCE_LABEL,0,,data/main/layer1/scenarios/S011_night_flight.jsonc,data/main/layer1/references/S011_violations.json
L1-0060,S011,TC7,1,PRE_FLIGHT_AUTHORIZATION,AUTHORIZATION_DECISION,RAW,ANSWERABLE,REJECT,DETERMINISTIC,REJECT,FROZEN_SOURCE_LABEL,0,,data/main/layer1/scenarios/S011_night_flight.jsonc,data/main/layer1/references/S011_violations.json
L1-0061,S011,TC8,1,PRE_FLIGHT_AUTHORIZATION,AUTHORIZATION_DECISION,RAW,ANSWERABLE,APPROVE,DETERMINISTIC,APPROVE,FROZEN_SOURCE_LABEL,0,,data/main/layer1/scenarios/S011_night_flight.jsonc,data/main/layer1/references/S011_violations.json
L1-0062,S012,TC1,1,PRE_FLIGHT_AUTHORIZATION,AUTHORIZATION_DECISION,RAW,ANSWERABLE,APPROVE,DETERMINISTIC,APPROVE,FROZEN_SOURCE_LABEL,0,,data/main/layer1/scenarios/S012_time_window.jsonc,data/main/layer1/references/S012_violations.json
L1-0063,S012,TC2,1,PRE_FLIGHT_AUTHORIZATION,AUTHORIZATION_DECISION,RAW,ANSWERABLE,APPROVE,DETERMINISTIC,APPROVE,FROZEN_SOURCE_LABEL,0,,data/main/layer1/scenarios/S012_time_window.jsonc,data/main/layer1/references/S012_violations.json
L1-0064,S012,TC3,1,PRE_FLIGHT_AUTHORIZATION,AUTHORIZATION_DECISION,RAW,ANSWERABLE,APPROVE,DETERMINISTIC,APPROVE,FROZEN_SOURCE_LABEL,0,,data/main/layer1/scenarios/S012_time_window.jsonc,data/main/layer1/references/S012_violations.json
L1-0065,S012,TC4,1,PRE_FLIGHT_AUTHORIZATION,AUTHORIZATION_DECISION,RAW,ANSWERABLE,REJECT,DETERMINISTIC,REJECT,FROZEN_SOURCE_LABEL,0,,data/main/layer1/scenarios/S012_time_window.jsonc,data/main/layer1/references/S012_violations.json
L1-0066,S012,TC5,1,PRE_FLIGHT_AUTHORIZATION,AUTHORIZATION_DECISION,RAW,ANSWERABLE,REJECT,DETERMINISTIC,REJECT,FROZEN_SOURCE_LABEL,0,,data/main/layer1/scenarios/S012_time_window.jsonc,data/main/layer1/references/S012_violations.json
L1-0067,S013,TC1,1,PRE_FLIGHT_AUTHORIZATION,AUTHORIZATION_DECISION,RAW,ANSWERABLE,APPROVE,DETERMINISTIC,APPROVE,FROZEN_SOURCE_LABEL,0,,data/main/layer1/scenarios/S013_vlos_requirement.jsonc,data/main/layer1/references/S013_violations.json
L1-0068,S013,TC2,1,PRE_FLIGHT_AUTHORIZATION,AUTHORIZATION_DECISION,RAW,ANSWERABLE,APPROVE,DETERMINISTIC,APPROVE,FROZEN_SOURCE_LABEL,0,,data/main/layer1/scenarios/S013_vlos_requirement.jsonc,data/main/layer1/references/S013_violations.json
L1-0069,S013,TC3,1,PRE_FLIGHT_AUTHORIZATION,AUTHORIZATION_DECISION,RAW,ANSWERABLE,APPROVE,DETERMINISTIC,APPROVE,DISPUTED_SOURCE_LABEL,1,"The source configuration says three-dimensional VLOS distance, while the frozen label treats the 500 m horizontal-distance case as compliant.",data/main/layer1/scenarios/S013_vlos_requirement.jsonc,data/main/layer1/references/S013_violations.json
L1-0070,S013,TC4,1,PRE_FLIGHT_AUTHORIZATION,AUTHORIZATION_DECISION,RAW,ANSWERABLE,REJECT,DETERMINISTIC,REJECT,FROZEN_SOURCE_LABEL,0,,data/main/layer1/scenarios/S013_vlos_requirement.jsonc,data/main/layer1/references/S013_violations.json
L1-0071,S013,TC5,1,PRE_FLIGHT_AUTHORIZATION,AUTHORIZATION_DECISION,RAW,ANSWERABLE,REJECT,DETERMINISTIC,REJECT,FROZEN_SOURCE_LABEL,0,,data/main/layer1/scenarios/S013_vlos_requirement.jsonc,data/main/layer1/references/S013_violations.json
L1-0072,S014,TC1,1,PRE_FLIGHT_AUTHORIZATION,AUTHORIZATION_DECISION,RAW,ANSWERABLE,APPROVE,DETERMINISTIC,APPROVE,FROZEN_SOURCE_LABEL,0,,data/main/layer1/scenarios/S014_bvlos_waiver.jsonc,data/main/layer1/references/S014_violations.json
L1-0073,S014,TC2,1,PRE_FLIGHT_AUTHORIZATION,AUTHORIZATION_DECISION,RAW,ANSWERABLE,REJECT,DETERMINISTIC,REJECT,FROZEN_SOURCE_LABEL,0,,data/main/layer1/scenarios/S014_bvlos_waiver.jsonc,data/main/layer1/references/S014_violations.json
L1-0074,S014,TC3,1,PRE_FLIGHT_AUTHORIZATION,AUTHORIZATION_DECISION,RAW,ANSWERABLE,APPROVE,DETERMINISTIC,APPROVE,FROZEN_SOURCE_LABEL,0,,data/main/layer1/scenarios/S014_bvlos_waiver.jsonc,data/main/layer1/references/S014_violations.json
L1-0075,S014,TC4,1,PRE_FLIGHT_AUTHORIZATION,AUTHORIZATION_DECISION,RAW,ANSWERABLE,APPROVE,DETERMINISTIC,APPROVE,FROZEN_SOURCE_LABEL,0,,data/main/layer1/scenarios/S014_bvlos_waiver.jsonc,data/main/layer1/references/S014_violations.json
L1-0076,S014,TC5,1,PRE_FLIGHT_AUTHORIZATION,AUTHORIZATION_DECISION,RAW,ANSWERABLE,APPROVE,DETERMINISTIC,APPROVE,FROZEN_SOURCE_LABEL,0,,data/main/layer1/scenarios/S014_bvlos_waiver.jsonc,data/main/layer1/references/S014_violations.json
L1-0077,S014,TC6,1,PRE_FLIGHT_AUTHORIZATION,AUTHORIZATION_DECISION,RAW,ANSWERABLE,REJECT,DETERMINISTIC,REJECT,FROZEN_SOURCE_LABEL,0,,data/main/layer1/scenarios/S014_bvlos_waiver.jsonc,data/main/layer1/references/S014_violations.json
L1-0078,S015,TC1_PathBlocked_FrontNFZ,1,PRE_FLIGHT_AUTHORIZATION,AUTHORIZATION_DECISION,RAW,ANSWERABLE,REJECT,DETERMINISTIC,REJECT,FROZEN_SOURCE_LABEL,0,,data/main/layer1/scenarios/S015_dynamic_nfz_avoidance.jsonc,data/main/layer1/references/S015_violations.json
L1-0079,S015,TC2_PathClear_OffsetNFZ,1,PRE_FLIGHT_AUTHORIZATION,AUTHORIZATION_DECISION,RAW,ANSWERABLE,APPROVE,DETERMINISTIC,APPROVE,FROZEN_SOURCE_LABEL,0,,data/main/layer1/scenarios/S015_dynamic_nfz_avoidance.jsonc,data/main/layer1/references/S015_violations.json
L1-0080,S015,TC3_MultipleNFZ_BothBlocked,1,PRE_FLIGHT_AUTHORIZATION,AUTHORIZATION_DECISION,RAW,ANSWERABLE,REJECT,DETERMINISTIC,REJECT,FROZEN_SOURCE_LABEL,0,,data/main/layer1/scenarios/S015_dynamic_nfz_avoidance.jsonc,data/main/layer1/references/S015_violations.json
L1-0081,S015,TC4_ShortPath_NoConflict,1,PRE_FLIGHT_AUTHORIZATION,AUTHORIZATION_DECISION,RAW,ANSWERABLE,APPROVE,DETERMINISTIC,APPROVE,FROZEN_SOURCE_LABEL,0,,data/main/layer1/scenarios/S015_dynamic_nfz_avoidance.jsonc,data/main/layer1/references/S015_violations.json
L1-0082,S015,TC5_EdgeCase_NearBoundary,1,PRE_FLIGHT_AUTHORIZATION,AUTHORIZATION_DECISION,RAW,ANSWERABLE,APPROVE,DETERMINISTIC,APPROVE,FROZEN_SOURCE_LABEL,0,,data/main/layer1/scenarios/S015_dynamic_nfz_avoidance.jsonc,data/main/layer1/references/S015_violations.json
L1-0083,S015,TC6_Diagonal_PathConflict,1,PRE_FLIGHT_AUTHORIZATION,AUTHORIZATION_DECISION,RAW,ANSWERABLE,REJECT,DETERMINISTIC,REJECT,FROZEN_SOURCE_LABEL,0,,data/main/layer1/scenarios/S015_dynamic_nfz_avoidance.jsonc,data/main/layer1/references/S015_violations.json
L1-0084,S016,TC1_DirectApproach_StopBeforeObstacle,1,IN_FLIGHT_CONTINGENCY,CONTINGENCY_ACTION,RAW,ANSWERABLE,STOP_AND_HOVER,DETERMINISTIC,APPROVE_WITH_STOP,FROZEN_SOURCE_LABEL,0,,data/main/layer1/scenarios/S016_realtime_obstacle_avoidance.jsonc,data/main/layer1/references/S016_violations.json
L1-0085,S016,TC2_NoObstacle_CompleteFlightPath,1,IN_FLIGHT_CONTINGENCY,CONTINGENCY_ACTION,RAW,ANSWERABLE,CONTINUE,DETERMINISTIC,APPROVE,FROZEN_SOURCE_LABEL,0,,data/main/layer1/scenarios/S016_realtime_obstacle_avoidance.jsonc,data/main/layer1/references/S016_violations.json
L1-0086,S016,TC3_OffsetPath_PassSafely,1,IN_FLIGHT_CONTINGENCY,CONTINGENCY_ACTION,RAW,ANSWERABLE,CONTINUE,DETERMINISTIC,APPROVE,FROZEN_SOURCE_LABEL,0,,data/main/layer1/scenarios/S016_realtime_obstacle_avoidance.jsonc,data/main/layer1/references/S016_violations.json
L1-0087,S016,TC4_MultipleObstacles_StopAtFirst,1,IN_FLIGHT_CONTINGENCY,CONTINGENCY_ACTION,RAW,ANSWERABLE,STOP_AND_HOVER,DETERMINISTIC,APPROVE_WITH_STOP,FROZEN_SOURCE_LABEL,0,,data/main/layer1/scenarios/S016_realtime_obstacle_avoidance.jsonc,data/main/layer1/references/S016_violations.json
L1-0088,S016,TC5_DiagonalPath_DetectTower,1,IN_FLIGHT_CONTINGENCY,CONTINGENCY_ACTION,RAW,ANSWERABLE,STOP_AND_HOVER,DETERMINISTIC,APPROVE_WITH_STOP,FROZEN_SOURCE_LABEL,0,,data/main/layer1/scenarios/S016_realtime_obstacle_avoidance.jsonc,data/main/layer1/references/S016_violations.json
L1-0089,S016,TC6_ShortDistance_NoObstacle,1,IN_FLIGHT_CONTINGENCY,CONTINGENCY_ACTION,RAW,ANSWERABLE,CONTINUE,DETERMINISTIC,APPROVE,FROZEN_SOURCE_LABEL,0,,data/main/layer1/scenarios/S016_realtime_obstacle_avoidance.jsonc,data/main/layer1/references/S016_violations.json
L1-0090,S017,TC1_ExceedPayloadLimit,1,PRE_FLIGHT_AUTHORIZATION,AUTHORIZATION_DECISION,RAW,ANSWERABLE,REJECT,DETERMINISTIC,REJECT,FROZEN_SOURCE_LABEL,0,,data/main/layer1/scenarios/S017_payload_and_drop_restrictions.jsonc,data/main/layer1/references/S017_violations.json
L1-0091,S017,TC2_NormalPayload,1,PRE_FLIGHT_AUTHORIZATION,AUTHORIZATION_DECISION,RAW,ANSWERABLE,APPROVE,DETERMINISTIC,APPROVE,FROZEN_SOURCE_LABEL,0,,data/main/layer1/scenarios/S017_payload_and_drop_restrictions.jsonc,data/main/layer1/references/S017_violations.json
L1-0092,S017,TC3_DropInUrbanArea,1,PRE_FLIGHT_AUTHORIZATION,AUTHORIZATION_DECISION,RAW,ANSWERABLE,REJECT,DETERMINISTIC,REJECT,FROZEN_SOURCE_LABEL,0,,data/main/layer1/scenarios/S017_payload_and_drop_restrictions.jsonc,data/main/layer1/references/S017_violations.json
L1-0093,S017,TC4_DropInSafeZone,1,PRE_FLIGHT_AUTHORIZATION,AUTHORIZATION_DECISION,RAW,ANSWERABLE,APPROVE,DETERMINISTIC,APPROVE,FROZEN_SOURCE_LABEL,0,,data/main/layer1/scenarios/S017_payload_and_drop_restrictions.jsonc,data/main/layer1/references/S017_violations.json
L1-0094,S017,TC5_DropWithoutApproval,1,PRE_FLIGHT_AUTHORIZATION,AUTHORIZATION_DECISION,RAW,ANSWERABLE,REJECT,DETERMINISTIC,REJECT,FROZEN_SOURCE_LABEL,0,,data/main/layer1/scenarios/S017_payload_and_drop_restrictions.jsonc,data/main/layer1/references/S017_violations.json
L1-0095,S017,TC6_PayloadBoundary,1,PRE_FLIGHT_AUTHORIZATION,AUTHORIZATION_DECISION,RAW,ANSWERABLE,APPROVE,DETERMINISTIC,APPROVE,FROZEN_SOURCE_LABEL,0,,data/main/layer1/scenarios/S017_payload_and_drop_restrictions.jsonc,data/main/layer1/references/S017_violations.json
L1-0096,S017,TC7_AgriculturalExemption,1,PRE_FLIGHT_AUTHORIZATION,AUTHORIZATION_DECISION,RAW,ANSWERABLE,APPROVE,DETERMINISTIC,APPROVE,FROZEN_SOURCE_LABEL,0,,data/main/layer1/scenarios/S017_payload_and_drop_restrictions.jsonc,data/main/layer1/references/S017_violations.json
L1-0097,S017,TC8_DropInCrowdArea,1,PRE_FLIGHT_AUTHORIZATION,AUTHORIZATION_DECISION,RAW,ANSWERABLE,REJECT,DETERMINISTIC,REJECT,FROZEN_SOURCE_LABEL,0,,data/main/layer1/scenarios/S017_payload_and_drop_restrictions.jsonc,data/main/layer1/references/S017_violations.json
L1-0098,S018,TC1_SingleOperatorSingleDrone,1,PRE_FLIGHT_AUTHORIZATION,AUTHORIZATION_DECISION,RAW,ANSWERABLE,APPROVE,DETERMINISTIC,APPROVE,FROZEN_SOURCE_LABEL,0,,data/main/layer1/scenarios/S018_multi_drone_coordination.jsonc,data/main/layer1/references/S018_violations.json
L1-0099,S018,TC2_SingleOperatorMultiDrones,1,PRE_FLIGHT_AUTHORIZATION,AUTHORIZATION_DECISION,RAW,ANSWERABLE,REJECT,DETERMINISTIC,REJECT,FROZEN_SOURCE_LABEL,0,,data/main/layer1/scenarios/S018_multi_drone_coordination.jsonc,data/main/layer1/references/S018_violations.json
L1-0100,S018,TC3_MultiOperatorsSeparate,1,PRE_FLIGHT_AUTHORIZATION,AUTHORIZATION_DECISION,RAW,ANSWERABLE,APPROVE,DETERMINISTIC,APPROVE,FROZEN_SOURCE_LABEL,0,,data/main/layer1/scenarios/S018_multi_drone_coordination.jsonc,data/main/layer1/references/S018_violations.json
L1-0101,S018,TC4_SeparationViolation,1,PRE_FLIGHT_AUTHORIZATION,AUTHORIZATION_DECISION,RAW,ANSWERABLE,REJECT,DETERMINISTIC,REJECT,FROZEN_SOURCE_LABEL,0,,data/main/layer1/scenarios/S018_multi_drone_coordination.jsonc,data/main/layer1/references/S018_violations.json
L1-0102,S018,TC5_SwarmWithoutApproval,1,PRE_FLIGHT_AUTHORIZATION,AUTHORIZATION_DECISION,RAW,ANSWERABLE,REJECT,DETERMINISTIC,REJECT,FROZEN_SOURCE_LABEL,0,,data/main/layer1/scenarios/S018_multi_drone_coordination.jsonc,data/main/layer1/references/S018_violations.json
L1-0103,S018,TC6_SwarmWithApproval,1,PRE_FLIGHT_AUTHORIZATION,AUTHORIZATION_DECISION,RAW,ANSWERABLE,APPROVE,DETERMINISTIC,APPROVE,FROZEN_SOURCE_LABEL,0,,data/main/layer1/scenarios/S018_multi_drone_coordination.jsonc,data/main/layer1/references/S018_violations.json
L1-0104,S018,TC7_SequentialOperation,1,PRE_FLIGHT_AUTHORIZATION,AUTHORIZATION_DECISION,RAW,ANSWERABLE,APPROVE,DETERMINISTIC,APPROVE,FROZEN_SOURCE_LABEL,0,,data/main/layer1/scenarios/S018_multi_drone_coordination.jsonc,data/main/layer1/references/S018_violations.json
L1-0105,S018,TC8_BoundarySeparation,1,PRE_FLIGHT_AUTHORIZATION,AUTHORIZATION_DECISION,RAW,ANSWERABLE,APPROVE,DETERMINISTIC,APPROVE,FROZEN_SOURCE_LABEL,0,,data/main/layer1/scenarios/S018_multi_drone_coordination.jsonc,data/main/layer1/references/S018_violations.json
L1-0106,S019,TC1_UncontrolledAirspace,1,PRE_FLIGHT_AUTHORIZATION,AUTHORIZATION_DECISION,RAW,ANSWERABLE,APPROVE,DETERMINISTIC,APPROVE,FROZEN_SOURCE_LABEL,0,,data/main/layer1/scenarios/S019_airspace_classification.jsonc,data/main/layer1/references/S019_violations.json
L1-0107,S019,TC2_ControlledAirspace,1,PRE_FLIGHT_AUTHORIZATION,AUTHORIZATION_DECISION,RAW,ANSWERABLE,REJECT,DETERMINISTIC,REJECT,FROZEN_SOURCE_LABEL,0,,data/main/layer1/scenarios/S019_airspace_classification.jsonc,data/main/layer1/references/S019_violations.json
L1-0108,S019,TC3_ControlledAirspaceWithApproval,1,PRE_FLIGHT_AUTHORIZATION,AUTHORIZATION_DECISION,RAW,ANSWERABLE,APPROVE,DETERMINISTIC,APPROVE,FROZEN_SOURCE_LABEL,0,,data/main/layer1/scenarios/S019_airspace_classification.jsonc,data/main/layer1/references/S019_violations.json
L1-0109,S019,TC4_RestrictedArea,1,PRE_FLIGHT_AUTHORIZATION,AUTHORIZATION_DECISION,RAW,ANSWERABLE,REJECT,DETERMINISTIC,REJECT,FROZEN_SOURCE_LABEL,0,,data/main/layer1/scenarios/S019_airspace_classification.jsonc,data/main/layer1/references/S019_violations.json
L1-0110,S019,TC5_RestrictedAreaWithApproval,1,PRE_FLIGHT_AUTHORIZATION,AUTHORIZATION_DECISION,RAW,ANSWERABLE,APPROVE,DETERMINISTIC,APPROVE,FROZEN_SOURCE_LABEL,0,,data/main/layer1/scenarios/S019_airspace_classification.jsonc,data/main/layer1/references/S019_violations.json
L1-0111,S020,TC1_ApprovalTooLate,1,PRE_FLIGHT_AUTHORIZATION,AUTHORIZATION_DECISION,RAW,ANSWERABLE,REJECT,DETERMINISTIC,REJECT,FROZEN_SOURCE_LABEL,0,,data/main/layer1/scenarios/S020_approval_timeline.jsonc,data/main/layer1/references/S020_violations.json
L1-0112,S020,TC2_ApprovalOnTime,1,PRE_FLIGHT_AUTHORIZATION,AUTHORIZATION_DECISION,RAW,ANSWERABLE,APPROVE,DETERMINISTIC,APPROVE,FROZEN_SOURCE_LABEL,0,,data/main/layer1/scenarios/S020_approval_timeline.jsonc,data/main/layer1/references/S020_violations.json
L1-0113,S020,TC3_EmergencyExemption,1,PRE_FLIGHT_AUTHORIZATION,AUTHORIZATION_DECISION,RAW,ANSWERABLE,APPROVE,DETERMINISTIC,APPROVE,FROZEN_SOURCE_LABEL,0,,data/main/layer1/scenarios/S020_approval_timeline.jsonc,data/main/layer1/references/S020_violations.json
L1-0114,S020,TC4_UncontrolledAirspaceExempt,1,PRE_FLIGHT_AUTHORIZATION,AUTHORIZATION_DECISION,RAW,ANSWERABLE,APPROVE,DETERMINISTIC,APPROVE,FROZEN_SOURCE_LABEL,0,,data/main/layer1/scenarios/S020_approval_timeline.jsonc,data/main/layer1/references/S020_violations.json
