scenario_id,case_id,model_id,model,condition,task_type,endpoint_family,answerability,primary_outcome,decision_basis,rationale,rule_or_constraint,format_rerun
OFFICIAL_RECORD_CHECK_V1,S051,qwen38_flagship,qwen/qwen3.8-2.4t-a95b,RAW_SOURCE_PROBE_V1,PRE_FLIGHT_AUTHORIZATION,AUTHORIZATION_DECISION,ANSWERABLE,REJECT_WITH_ALTERNATIVE,INTERPRETIVE,"The case file explicitly states that no flight-specific assessment of geofence suitability exists; the crew accepted the parameters solely because they are the organisation's standard training setting. The remote pilot, as final release authority, cannot confirm the geofence is appropriate for this specific operation without such an assessment. The alternative is to complete a flight-specific suitability assessment and re-submit the request.",CASE S051: 'the case file contains no flight-specific assessment of whether that setting is suitable' — the absence of a flight-specific assessment prevents the remote pilot from verifying geofence adequacy for this particular flight.,False
OFFICIAL_RECORD_CHECK_V1,S051,qwen38_flagship,qwen/qwen3.8-2.4t-a95b,RAG_SOURCE_PROBE_V1,PRE_FLIGHT_AUTHORIZATION,AUTHORIZATION_DECISION,ANSWERABLE,REJECT,MIXED,"E02 requires the geofence to be set appropriately, but the case record explicitly states no flight-specific assessment of suitability exists; the crew's reliance on the organisation's standard setting alone does not satisfy that requirement. No concrete feasible alternative is supplied in the record, making REJECT the appropriate disposition.","E02 (geofence must be set appropriately, with no criteria supplied to confirm appropriateness for this operation) combined with the case record's explicit statement that no flight-specific assessment of suitability is present.",False
OFFICIAL_RECORD_CHECK_V1,S051,glm52_flagship,z-ai/glm-5.2,RAW_SOURCE_PROBE_V1,PRE_FLIGHT_AUTHORIZATION,AUTHORIZATION_DECISION,ANSWERABLE,UNCERTAIN,INTERPRETIVE,"The crew accepted the proposed geofence based solely on organizational standard, but the case file lacks any flight-specific assessment of whether that setting is suitable for this flight. Without this assessment, the remote pilot cannot definitively authorize or reject the current flight request.",Case file contains no flight-specific assessment of whether the standard training setting is suitable.,False
OFFICIAL_RECORD_CHECK_V1,S051,glm52_flagship,z-ai/glm-5.2,RAG_SOURCE_PROBE_V1,PRE_FLIGHT_AUTHORIZATION,AUTHORIZATION_DECISION,UNANSWERABLE,UNANSWERABLE,DETERMINISTIC,"The operating-safety material requires the geofence to be set appropriately (E02), but the case file contains no flight-specific assessment of suitability for this training flight. Because this missing assessment is a decision-critical fact that cannot be assumed or replaced by a conditional approval, the record does not support a defensible immediate disposition.",E02,True
OFFICIAL_RECORD_CHECK_V1,S051,deepseek_v4_flash,deepseek/deepseek-v4-flash,RAW_SOURCE_PROBE_V1,PRE_FLIGHT_AUTHORIZATION,AUTHORIZATION_DECISION,ANSWERABLE,UNCERTAIN,INTERPRETIVE,"The case record lacks a flight-specific assessment of the proposed geofence suitability, which is necessary for a definitive authorization. Therefore, the remote pilot cannot determine whether to approve or reject the flight, resulting in an uncertain disposition.",Case record: no flight-specific assessment of geofence suitability.,False
OFFICIAL_RECORD_CHECK_V1,S051,deepseek_v4_flash,deepseek/deepseek-v4-flash,RAG_SOURCE_PROBE_V1,PRE_FLIGHT_AUTHORIZATION,AUTHORIZATION_DECISION,ANSWERABLE,CONDITIONAL_APPROVE,INTERPRETIVE,The proposed geofence is within permitted limits but the record lacks a flight-specific suitability assessment required by safety material. A conditional approval requiring that assessment before launch is appropriate.,"E02: operating-safety material requires geofence to be set appropriately, but no criteria given; condition needed to verify suitability.",False
OFFICIAL_RECORD_CHECK_V1,S051,meta_muse_30b,meta/muse-glimmer-30b,RAW_SOURCE_PROBE_V1,PRE_FLIGHT_AUTHORIZATION,AUTHORIZATION_DECISION,ANSWERABLE,UNCERTAIN,INTERPRETIVE,The case record shows the geofence was accepted as standard with no flight-specific suitability assessment for this manual stabilised skills-currency training flight. Without that assessment the remote pilot cannot make a defensible immediate authorization decision at the stated decision timepoint.,CASE S051: case_record states no flight-specific assessment of whether the 40 m high 300 m radius geofence setting is suitable,False
OFFICIAL_RECORD_CHECK_V1,S051,meta_muse_30b,meta/muse-glimmer-30b,RAG_SOURCE_PROBE_V1,PRE_FLIGHT_AUTHORIZATION,AUTHORIZATION_DECISION,ANSWERABLE,REJECT,INTERPRETIVE,"The case record shows the proposed 40 m by 300 m geofence was accepted only as the organisation’s standard setting and the file contains no flight-specific assessment of suitability for this skills-currency training flight in manual stabilised mode. With no verifiable assessment and no criteria in E02 to judge appropriateness, the current request cannot be authorized as submitted and no concrete feasible alternative is provided in the record.",CASE S051; E02 requires geofence to be set appropriately but gives no criteria for judging the setting for this operation; case record states no flight-specific assessment of suitability is present,False
OFFICIAL_RECORD_CHECK_V1,S052,qwen38_flagship,qwen/qwen3.8-2.4t-a95b,RAW_SOURCE_PROBE_V1,OPTION_SELECTION,OPTION_SELECTION,ANSWERABLE,SELECT_B,INTERPRETIVE,"With 85 of 500 aircraft (17%) already showing position-deviation errors while the swarm is still in the launch area and wind is 9.9 m/s, the errors are systematic and environmentally driven. Because the formation has not yet begun transition, a controlled recovery from the launch area remains feasible and is the safest immediate disposition to prevent further degradation or loss of aircraft.","CASE S052: 85 aircraft showing errors, all indicating deviation from planned position; wind 9.9 m/s; swarm still at launch area with transition not yet begun.",False
OFFICIAL_RECORD_CHECK_V1,S052,qwen38_flagship,qwen/qwen3.8-2.4t-a95b,RAG_SOURCE_PROBE_V1,OPTION_SELECTION,OPTION_SELECTION,ANSWERABLE,SELECT_B,DETERMINISTIC,"The real-time wind estimate of 9.9 m/s exceeds the published wind-speed limit of 8 m/s (E01), and 85 aircraft already show position deviations. Because the formation relies on high-precision positioning with no independent collision-avoidance capability (E02), continuing or partially continuing poses an unacceptable collision risk. Terminating before transition and initiating controlled recovery from the launch area is the only defensible immediate action.","E01 establishes the 8 m/s wind-speed limit, which is exceeded by the current 9.9 m/s reading; E02 establishes that position deviations cannot be mitigated by onboard collision avoidance, making continued flight unsafe.",False
OFFICIAL_RECORD_CHECK_V1,S052,glm52_flagship,z-ai/glm-5.2,RAW_SOURCE_PROBE_V1,OPTION_SELECTION,OPTION_SELECTION,ANSWERABLE,SELECT_B,INTERPRETIVE,"With 85 aircraft already showing position-deviation errors and a wind estimate of 9.9 m/s, the record supports terminating the show before transition and initiating controlled recovery rather than continuing or partially continuing.","CASE S052: 85 aircraft show errors, all indicating deviation from planned position; wind estimate 9.9 m/s.",False
OFFICIAL_RECORD_CHECK_V1,S052,glm52_flagship,z-ai/glm-5.2,RAG_SOURCE_PROBE_V1,OPTION_SELECTION,OPTION_SELECTION,ANSWERABLE,SELECT_B,MIXED,"The ground-station wind estimate of 9.9 m/s exceeds the aircraft's published 8 m/s wind-speed limit, and 85 aircraft already show position-deviation errors in a tightly spaced formation with no onboard collision-avoidance sensors. Continuing the transition or partial continuation would be unsafe before the formation moves to the show area.",E01: The aircraft's published wind-speed limit is 8 m/s; E02: small separation distances with no independent onboard collision-avoidance sensors; E03: crew must actively read the wind display because exceeding the limit does not generate an automatic warning.,False
OFFICIAL_RECORD_CHECK_V1,S052,deepseek_v4_flash,deepseek/deepseek-v4-flash,RAW_SOURCE_PROBE_V1,OPTION_SELECTION,OPTION_SELECTION,UNANSWERABLE,UNANSWERABLE,INTERPRETIVE,"The record provides wind speed and error count but lacks any operational criteria or thresholds to determine which action is defensible. Without rules or constraints linking these facts to the allowed outcomes, no single option can be selected.",,False
OFFICIAL_RECORD_CHECK_V1,S052,deepseek_v4_flash,deepseek/deepseek-v4-flash,RAG_SOURCE_PROBE_V1,OPTION_SELECTION,OPTION_SELECTION,ANSWERABLE,SELECT_B,DETERMINISTIC,"The wind estimate of 9.9 m/s exceeds the published 8 m/s limit (E01), and 85 aircraft already show position deviations (case record). With no independent collision avoidance (E02), continuing the transition risks collisions. Therefore, terminating the show and initiating controlled recovery is the appropriate immediate action.",E01 (wind-speed limit 8 m/s) and case record showing 85 aircraft with errors,False
OFFICIAL_RECORD_CHECK_V1,S052,meta_muse_30b,meta/muse-glimmer-30b,RAW_SOURCE_PROBE_V1,OPTION_SELECTION,OPTION_SELECTION,UNANSWERABLE,UNANSWERABLE,DETERMINISTIC,"The case record provides wind estimate and error count but supplies no operational limits, wind thresholds, error tolerance, or rules governing continuation, termination, or partial operation for the swarm. Without a controlling supplied rule or fact, no allowed outcome can be defensibly selected from the record alone.",CASE S052,False
OFFICIAL_RECORD_CHECK_V1,S052,meta_muse_30b,meta/muse-glimmer-30b,RAG_SOURCE_PROBE_V1,OPTION_SELECTION,OPTION_SELECTION,ANSWERABLE,SELECT_B,REGULATORY,"The real-time wind estimate is 9.9 m/s, which exceeds the aircraft's published wind-speed limit of 8 m/s per E01, and 85 aircraft already show position deviations with no independent onboard collision-avoidance per E02. Continuing or partially continuing the formation before transition would expose the swarm to loss of separation.",CASE S052; E01 wind-speed limit 8 m/s; E02 small separation without independent collision-avoidance; evidence shows wind 9.9 m/s and 85 aircraft errors with deviation from planned position,False
OFFICIAL_RECORD_CHECK_V1,S053,qwen38_flagship,qwen/qwen3.8-2.4t-a95b,RAW_SOURCE_PROBE_V1,PRE_FLIGHT_AUTHORIZATION,AUTHORIZATION_DECISION,ANSWERABLE,REJECT,REGULATORY,"The intended launch site (children's playground) is explicitly not one of the sites listed in the filed night-flight authorization. Operating from an unfiled launch point falls outside the scope of the existing authorization, making the flight non-compliant as planned.",CASE S053: The crew intends to launch from a children's playground that is not one of the sites shown in the filing for the night-flight authorization.,False
OFFICIAL_RECORD_CHECK_V1,S053,qwen38_flagship,qwen/qwen3.8-2.4t-a95b,RAG_SOURCE_PROBE_V1,PRE_FLIGHT_AUTHORIZATION,AUTHORIZATION_DECISION,ANSWERABLE,REJECT_WITH_ALTERNATIVE,REGULATORY,"The intended launch site is not covered by the filed night-flight authorization (E01), the S-3 operation category prohibits flight over third parties (E02), and the 30 m horizontal separation requirement (E03) cannot be met over an audience of several thousand. These are fundamental incompatibilities requiring a materially revised request or new authorization before reassessment.","E01 (launch site not in filing), E02 (S-3 prohibits flight over third parties), E03 (30 m horizontal separation from uninvolved people required)",False
OFFICIAL_RECORD_CHECK_V1,S053,glm52_flagship,z-ai/glm-5.2,RAW_SOURCE_PROBE_V1,PRE_FLIGHT_AUTHORIZATION,AUTHORIZATION_DECISION,ANSWERABLE,REJECT,REGULATORY,"The crew intends to launch from a children's playground that is not one of the sites shown in the filing for the night-flight authorization. Because the planned launch site does not conform to the filed authorization, the flight request must be rejected.",The launch site must be one of the sites shown in the filing for the night-flight authorization.,False
OFFICIAL_RECORD_CHECK_V1,S053,glm52_flagship,z-ai/glm-5.2,RAG_SOURCE_PROBE_V1,PRE_FLIGHT_AUTHORIZATION,AUTHORIZATION_DECISION,ANSWERABLE,REJECT,DETERMINISTIC,"The planned launch site is not one of the filed sites (E01), and the intended flight over an audience of several thousand people violates the S-3 prohibition on flight over third parties (E02) and the 30 m separation requirement (E03). No concrete feasible alternative is part of the supplied record.",E01; E02; E03,False
OFFICIAL_RECORD_CHECK_V1,S053,deepseek_v4_flash,deepseek/deepseek-v4-flash,RAW_SOURCE_PROBE_V1,PRE_FLIGHT_AUTHORIZATION,AUTHORIZATION_DECISION,ANSWERABLE,REJECT,DETERMINISTIC,"The planned launch site is not among those listed in the night-flight authorization filing, so the flight request does not comply with the authorized parameters. Therefore, the request must be rejected.",Case record: launch site is not one of the sites shown in the filing for the night-flight authorization.,False
OFFICIAL_RECORD_CHECK_V1,S053,deepseek_v4_flash,deepseek/deepseek-v4-flash,RAG_SOURCE_PROBE_V1,PRE_FLIGHT_AUTHORIZATION,AUTHORIZATION_DECISION,ANSWERABLE,REJECT,DETERMINISTIC,"The planned launch site is not in the night-flight filing, and the operation would involve flight over a large crowd, violating the prohibition on flight over third parties and the required 30 m separation from uninvolved people. Therefore, the current request cannot be authorized.","E01, E02, E03",False
OFFICIAL_RECORD_CHECK_V1,S053,meta_muse_30b,meta/muse-glimmer-30b,RAW_SOURCE_PROBE_V1,PRE_FLIGHT_AUTHORIZATION,AUTHORIZATION_DECISION,UNANSWERABLE,UNANSWERABLE,DETERMINISTIC,"The case record notes a launch site change from the filed night-flight authorization, but no supplied rule or constraint is provided to determine whether this change requires rejection, conditional approval, or an alternative. Without an active rule or evidence card governing launch-site conformity, a defensible immediate disposition cannot be selected from the allowed outcomes.",,False
OFFICIAL_RECORD_CHECK_V1,S053,meta_muse_30b,meta/muse-glimmer-30b,RAG_SOURCE_PROBE_V1,PRE_FLIGHT_AUTHORIZATION,AUTHORIZATION_DECISION,ANSWERABLE,REJECT_WITH_ALTERNATIVE,REGULATORY,"The intended launch site is a children's playground not covered by the night-flight filing per E01, and the planned filming over the festival audience would involve flight over third parties prohibited by E02 and would not maintain the required 30 m horizontal separation from uninvolved people per E03. The current request as submitted cannot be authorized.",CASE S053; E01 playground not in filed sites; E02 S-3 operation does not permit flight over third parties; E03 night-flight permission requires at least 30 m horizontal separation from uninvolved people,False
OFFICIAL_RECORD_CHECK_V1,S054,qwen38_flagship,qwen/qwen3.8-2.4t-a95b,RAW_SOURCE_PROBE_V1,OPTION_SELECTION,OPTION_SELECTION,ANSWERABLE,SELECT_A,DETERMINISTIC,"With less than six minutes of UPS remaining and no restored command authority, the crew must immediately establish emergency coordination with ATC to maximize the time available for airspace management before the heartbeat is inevitably lost. Delaying notification (Option B) compresses ATC's response window, and unilaterally dropping the heartbeat (Option C) would cause an uncoordinated aircraft state change without ATC awareness.","CASE S054: UPS shows less than six minutes remaining, generator failed to restore input, crew cannot issue effective commands, and the aircraft is holding solely on the communications heartbeat.",False
OFFICIAL_RECORD_CHECK_V1,S054,qwen38_flagship,qwen/qwen3.8-2.4t-a95b,RAG_SOURCE_PROBE_V1,OPTION_SELECTION,OPTION_SELECTION,ANSWERABLE,SELECT_A,DETERMINISTIC,"With less than six minutes of UPS remaining (E01), the crew unable to issue effective commands, and the aircraft's state guaranteed to change once the heartbeat is lost (E03), immediate coordination with ATC is required so they can prepare for the imminent transition. ATC already has visibility via the transponder (E02), making coordination feasible now rather than later.","E01 establishes the critical time constraint; E03 establishes that loss of heartbeat will change the aircraft's automatic state; the case record states the crew cannot issue effective commands, making ATC coordination the only available path to manage the impending state change.",False
OFFICIAL_RECORD_CHECK_V1,S054,glm52_flagship,z-ai/glm-5.2,RAW_SOURCE_PROBE_V1,OPTION_SELECTION,OPTION_SELECTION,ANSWERABLE,SELECT_A,INTERPRETIVE,"With less than six minutes of UPS power remaining and no ability to issue commands, the remote pilot must immediately establish emergency coordination with ATC while continuing troubleshooting, rather than delaying notification or manipulating the heartbeat.",CASE S054 case record: UPS alarms with less than six minutes remaining; generator does not restore input power; crew cannot issue effective commands.,False
OFFICIAL_RECORD_CHECK_V1,S054,glm52_flagship,z-ai/glm-5.2,RAG_SOURCE_PROBE_V1,OPTION_SELECTION,OPTION_SELECTION,ANSWERABLE,SELECT_A,INTERPRETIVE,"With the command-unit UPS below six minutes and generator input not restored, the crew cannot issue effective commands, so immediate emergency coordination with ATC is warranted while troubleshooting continues. The aircraft remains visible to ATC and is holding only while the heartbeat remains, but delaying notification until near depletion would reduce coordination time. Switching off the heartbeat before notifying ATC would deliberately change the aircraft state without first coordinating.",E01; E02; E03; SELECT_A policy card,False
OFFICIAL_RECORD_CHECK_V1,S054,deepseek_v4_flash,deepseek/deepseek-v4-flash,RAW_SOURCE_PROBE_V1,OPTION_SELECTION,OPTION_SELECTION,UNANSWERABLE,UNANSWERABLE,INTERPRETIVE,"The case record describes the situation and three possible actions but provides no rule, constraint, or factual basis to determine which option is correct. Without additional guidance, a defensible immediate disposition cannot be selected.",,False
OFFICIAL_RECORD_CHECK_V1,S054,deepseek_v4_flash,deepseek/deepseek-v4-flash,RAG_SOURCE_PROBE_V1,OPTION_SELECTION,OPTION_SELECTION,ANSWERABLE,SELECT_A,DETERMINISTIC,"The command unit will lose power within minutes, leaving the crew unable to command the aircraft. Immediate coordination with ATC ensures safe management of the aircraft while ground troubleshooting continues. Delaying notification or altering the heartbeat without ATC awareness introduces unnecessary risk.","Evidence cards E01, E02, E03: UPS alarming with <6 minutes and generator failure; aircraft visible to ATC but crew cannot issue commands; heartbeat keeps aircraft in hold.",False
OFFICIAL_RECORD_CHECK_V1,S054,meta_muse_30b,meta/muse-glimmer-30b,RAW_SOURCE_PROBE_V1,OPTION_SELECTION,OPTION_SELECTION,ANSWERABLE,SELECT_A,INTERPRETIVE,"The record shows loss of command-unit input with UPS < six minutes and no effective commands possible, while the aircraft is still holding via heartbeat and visible to ATC. Establishing emergency coordination with ATC now preserves situational awareness and options while troubleshooting continues.","CASE S054 case_record: command unit loses mains power, UPS alarms with less than six minutes remaining, generator does not restore input power, crew cannot issue effective commands, aircraft reports no malfunction and is holding because communications heartbeat is still present",False
OFFICIAL_RECORD_CHECK_V1,S054,meta_muse_30b,meta/muse-glimmer-30b,RAG_SOURCE_PROBE_V1,OPTION_SELECTION,OPTION_SELECTION,ANSWERABLE,SELECT_A,DETERMINISTIC,"The command unit has lost effective control with less than six minutes of UPS remaining and generator restoration failed, while the aircraft is still holding via heartbeat and remains visible to ATC. Immediate emergency coordination with ATC is supported while ground troubleshooting continues, whereas delaying notification or preemptively removing the heartbeat is not defensible on the stated facts.","CASE S054; evidence E01, E02, E03",False
OFFICIAL_RECORD_CHECK_V1,S055,qwen38_flagship,qwen/qwen3.8-2.4t-a95b,RAW_SOURCE_PROBE_V1,OPTION_SELECTION,OPTION_SELECTION,ANSWERABLE,SELECT_A,DETERMINISTIC,"The aircraft has lost navigation and command control, disregarded its geofence, and failed repeated recovery attempts. It is currently over an unpopulated area—a time-limited window given that a fixed-wing UAS is continuously moving. Activating flight termination now while the risk to persons and property on the ground is minimized is the only defensible immediate action; delaying risks the aircraft transiting into populated airspace.","CASE S055: repeated navigation-recovery attempts have failed, geofence is breached, flight-termination function is available, and tracking confirms the aircraft is currently over an unpopulated area—constituting the optimal and likely last opportunity to terminate before potential transit over populated areas.",False
OFFICIAL_RECORD_CHECK_V1,S055,qwen38_flagship,qwen/qwen3.8-2.4t-a95b,RAG_SOURCE_PROBE_V1,OPTION_SELECTION,OPTION_SELECTION,ANSWERABLE,SELECT_A,INTERPRETIVE,"All recovery options are exhausted (E01): navigation and command control are lost, the geofence has been disregarded, and repeated recovery attempts have failed. The aircraft is currently over an unpopulated area (E02), representing the optimal window to activate the available flight-termination function (E03) before the uncontrolled aircraft could drift into populated airspace.","E01 establishes total loss of control and failed recovery; E02 establishes the current safe-termination window over unpopulated area; E03 confirms termination capability is available. No prespecified trigger exists, but the convergence of exhausted recovery options and a favorable termination window supports immediate activation.",False
OFFICIAL_RECORD_CHECK_V1,S055,glm52_flagship,z-ai/glm-5.2,RAW_SOURCE_PROBE_V1,OPTION_SELECTION,OPTION_SELECTION,ANSWERABLE,SELECT_A,INTERPRETIVE,"The UAS has lost reliable navigation and command control, breached its geofence, and failed repeated recovery attempts. With flight termination available and the aircraft currently over an unpopulated area, activating termination now mitigates the risk of uncontrolled flight into populated areas.","CASE S055: UAS has lost reliable navigation and command control, disregarded its preset geofence, has not responded to repeated navigation-recovery attempts, and an installed flight-termination function remains available.",False
OFFICIAL_RECORD_CHECK_V1,S055,glm52_flagship,z-ai/glm-5.2,RAG_SOURCE_PROBE_V1,OPTION_SELECTION,OPTION_SELECTION,ANSWERABLE,SELECT_A,MIXED,"The aircraft has lost both reliable navigation and command control, disregarded its geofence, and failed repeated recovery attempts (E01), meaning it is uncontrolled and no longer contained. Although it is currently over an unpopulated area (E02) and no prespecified termination trigger is supplied (E03), the combination of lost command control, geofence breach, and exhausted recovery attempts makes immediate flight termination the defensible action.","E01: lost navigation and command control, geofence disregarded, repeated recovery attempts failed; E03: flight-termination function available",False
OFFICIAL_RECORD_CHECK_V1,S055,deepseek_v4_flash,deepseek/deepseek-v4-flash,RAW_SOURCE_PROBE_V1,OPTION_SELECTION,OPTION_SELECTION,UNANSWERABLE,UNANSWERABLE,INTERPRETIVE,The record does not provide any rule or constraint that mandates a specific action among the three options; all are plausible given the facts.,,False
OFFICIAL_RECORD_CHECK_V1,S055,deepseek_v4_flash,deepseek/deepseek-v4-flash,RAG_SOURCE_PROBE_V1,OPTION_SELECTION,OPTION_SELECTION,UNANSWERABLE,UNANSWERABLE,INTERPRETIVE,"The record provides no rule or constraint that mandates a specific option among the three; all options are equally defensible based on the given facts, so no single disposition can be selected without guessing.",,True
OFFICIAL_RECORD_CHECK_V1,S055,meta_muse_30b,meta/muse-glimmer-30b,RAW_SOURCE_PROBE_V1,OPTION_SELECTION,OPTION_SELECTION,UNANSWERABLE,UNANSWERABLE,DETERMINISTIC,"The case record describes the aircraft state and three possible immediate actions but provides no supplied rule, constraint, or evidence card that mandates one allowed outcome over the others at the stated decision timepoint.",,False
OFFICIAL_RECORD_CHECK_V1,S055,meta_muse_30b,meta/muse-glimmer-30b,RAG_SOURCE_PROBE_V1,OPTION_SELECTION,OPTION_SELECTION,UNANSWERABLE,UNANSWERABLE,INTERPRETIVE,"The case record and evidence cards E01, E02, E03 establish loss of navigation and control, current overflight of an unpopulated area, and availability of flight termination, but no prespecified termination trigger or controlling rule is supplied. Multiple immediate dispositions remain defensible on the stated facts alone.",CASE S055; E01; E02; E03; no prespecified termination trigger supplied,False
OFFICIAL_RECORD_CHECK_V1,S056,qwen38_flagship,qwen/qwen3.8-2.4t-a95b,RAW_SOURCE_PROBE_V1,PRE_FLIGHT_AUTHORIZATION,AUTHORIZATION_DECISION,ANSWERABLE,REJECT,REGULATORY,"The operation is within Class D airspace (2.6 NM from the airport), which requires verifiable authorization. The case record contains no approval message, authorization number, or approved time window, so the regulatory prerequisite for controlled-airspace operations is unmet. The pilot's unverified claim of having submitted a LAANC request does not substitute for a confirmed authorization.","CASE S056: Operation at 2.6 NM from a Class D airport requires airspace authorization; no approval message, authorization number, or approved time window is present in the case file.",False
OFFICIAL_RECORD_CHECK_V1,S056,qwen38_flagship,qwen/qwen3.8-2.4t-a95b,RAG_SOURCE_PROBE_V1,PRE_FLIGHT_AUTHORIZATION,AUTHORIZATION_DECISION,ANSWERABLE,REJECT_WITH_ALTERNATIVE,REGULATORY,"The operation is in Class D controlled airspace requiring authorization, but the record contains no approval message, authorization number, or approved time window (E03). Grid eligibility for automatic approval does not constitute actual approval (E02). The pilot must obtain verifiable authorization before reassessment.",E02 states eligibility for automatic approval does not show that the request has been approved; E03 confirms no approval record exists in the case file. Controlled airspace operations require verifiable authorization before launch.,False
OFFICIAL_RECORD_CHECK_V1,S056,glm52_flagship,z-ai/glm-5.2,RAW_SOURCE_PROBE_V1,PRE_FLIGHT_AUTHORIZATION,AUTHORIZATION_DECISION,ANSWERABLE,REJECT,REGULATORY,"The crew is operating near a Class D airport and lacks a verifiable LAANC approval, authorization number, or approved time window. Without a verifiable airspace authorization record, the launch request cannot be approved.",Operations in Class D airspace require verifiable airspace authorization.,False
OFFICIAL_RECORD_CHECK_V1,S056,glm52_flagship,z-ai/glm-5.2,RAG_SOURCE_PROBE_V1,PRE_FLIGHT_AUTHORIZATION,AUTHORIZATION_DECISION,ANSWERABLE,REJECT_WITH_ALTERNATIVE,REGULATORY,"The launch request cannot be approved because the record contains no verifiable LAANC approval message, authorization number, or approved time window, and grid eligibility alone does not establish approval. The supplied record supports requiring a new or verifiable authorization before reassessment.",E02; E03; REJECT_WITH_ALTERNATIVE: do not authorize the current request; require new authorization or a materially revised request before reassessment.,False
OFFICIAL_RECORD_CHECK_V1,S056,deepseek_v4_flash,deepseek/deepseek-v4-flash,RAW_SOURCE_PROBE_V1,PRE_FLIGHT_AUTHORIZATION,AUTHORIZATION_DECISION,ANSWERABLE,REJECT,DETERMINISTIC,"The case file lacks any verifiable approval message, authorization number, or approved time window, despite the pilot's claim of submission. Without documented authorization, the launch cannot be approved. Therefore, the request is rejected.",Absence of a verifiable approval record in the case file precludes authorization.,False
OFFICIAL_RECORD_CHECK_V1,S056,deepseek_v4_flash,deepseek/deepseek-v4-flash,RAG_SOURCE_PROBE_V1,PRE_FLIGHT_AUTHORIZATION,AUTHORIZATION_DECISION,ANSWERABLE,REJECT,DETERMINISTIC,"The record contains no verifiable approval message, authorization number, or approved time window, despite the remote pilot's claim of submission. Without proof of authorization, the launch cannot be approved. Therefore, the request is rejected.","Evidence card E03: no approval message, authorization number, or approved time window in the record.",False
OFFICIAL_RECORD_CHECK_V1,S056,meta_muse_30b,meta/muse-glimmer-30b,RAW_SOURCE_PROBE_V1,PRE_FLIGHT_AUTHORIZATION,AUTHORIZATION_DECISION,ANSWERABLE,REJECT,REGULATORY,"The case record shows no verifiable LAANC approval message, authorization number, or approved time window for operations 2.6 NM from a Class D airport. Without a verifiable approval record at decision time, launch cannot be authorized.","CASE S056: no approval message, authorization number, or approved time window present in case file for Class D proximity operation",False
OFFICIAL_RECORD_CHECK_V1,S056,meta_muse_30b,meta/muse-glimmer-30b,RAG_SOURCE_PROBE_V1,PRE_FLIGHT_AUTHORIZATION,AUTHORIZATION_DECISION,ANSWERABLE,CONDITIONAL_APPROVE,REGULATORY,"The record shows no verifiable LAANC approval message, authorization number, or approved time window for the launch. The operation can only proceed once a verifiable approval is obtained, which is a curable pre-launch condition.","CASE S056; evidence E03: The record supplied for the launch decision contains no approval message, authorization number, or approved time window.",False
OFFICIAL_RECORD_CHECK_V1,S057,qwen38_flagship,qwen/qwen3.8-2.4t-a95b,RAW_SOURCE_PROBE_V1,RESOURCE_OR_POLICY_DECISION,PLAN_OR_ALLOCATION_DISPOSITION,ANSWERABLE,DEFER_DECISION,INTERPRETIVE,"The proposal's safety case depends on a parachute mitigation, but the record lacks system-specific evidence for actual descent energy, attachment integrity, and ground-warning audibility. These are addressable evidentiary gaps rather than fundamental design flaws, so the appropriate disposition is to defer pending supplementary data rather than reject outright or approve on an unsubstantiated nominal figure.","CASE S057: dossier cites only a nominal 80 J impact-energy value with no system-specific evidence for descent energy, attachment integrity, or ground-warning audibility.",False
OFFICIAL_RECORD_CHECK_V1,S057,qwen38_flagship,qwen/qwen3.8-2.4t-a95b,RAG_SOURCE_PROBE_V1,RESOURCE_OR_POLICY_DECISION,PLAN_OR_ALLOCATION_DISPOSITION,ANSWERABLE,DEFER_DECISION,MIXED,"The dossier provides no system-specific evidence for actual descent energy, attachment integrity, or ground-warning audibility—all decision-critical parameters under the SORA/M2 framework (E03). E01 indicates actual impact energy could substantially exceed the claimed 80 J, but E02 clarifies that historical failures are not observations about the proposed system, so outright rejection is not yet warranted. The appropriate disposition is to defer until the applicant supplies the missing decision-critical evidence.",E03 (SORA risk assessment and EASA M2 means of compliance require evidence-based demonstration of risk mitigation); case record establishes that no system-specific evidence has been provided for the parachute's core safety claims.,False
OFFICIAL_RECORD_CHECK_V1,S057,glm52_flagship,z-ai/glm-5.2,RAW_SOURCE_PROBE_V1,RESOURCE_OR_POLICY_DECISION,PLAN_OR_ALLOCATION_DISPOSITION,ANSWERABLE,DEFER_DECISION,REGULATORY,"The dossier relies on a nominal 80 J impact-energy value but provides no system-specific evidence for actual descent energy, attachment integrity, or ground warning audibility, which are critical to validating the parachute-based ground-risk mitigation. Without this evidence, the reviewer cannot make a defensible final disposition on the current record. Deferring allows the applicant to supply the missing safety data before a final decision.","CASE S057: dossier cites nominal 80 J impact-energy value but provides no system-specific evidence for actual descent energy, attachment integrity, or whether the ground warning can be heard.",False
OFFICIAL_RECORD_CHECK_V1,S057,glm52_flagship,z-ai/glm-5.2,RAG_SOURCE_PROBE_V1,RESOURCE_OR_POLICY_DECISION,PLAN_OR_ALLOCATION_DISPOSITION,ANSWERABLE,DEFER_DECISION,MIXED,"The dossier cites only a nominal 80 J impact-energy value with no system-specific evidence for actual descent energy, attachment integrity, or ground-warning audibility, while E01 indicates actual impact energy could substantially exceed 80 J. These are decision-critical evidentiary gaps, so a final adoption or rejection cannot be supported on the current record.","DEFER_DECISION: make no final adoption decision until specified decision-critical evidence is obtained; E01, E02, E03.",False
OFFICIAL_RECORD_CHECK_V1,S057,deepseek_v4_flash,deepseek/deepseek-v4-flash,RAW_SOURCE_PROBE_V1,RESOURCE_OR_POLICY_DECISION,PLAN_OR_ALLOCATION_DISPOSITION,ANSWERABLE,DEFER_DECISION,INTERPRETIVE,"The dossier provides only a nominal 80 J impact-energy value without system-specific evidence for actual descent energy, attachment integrity, or ground warning audibility, making it impossible to assess the parachute's effectiveness. Therefore, the reviewer should defer the decision to allow the applicant to provide the missing evidence.","CASE record: missing evidence for descent energy, attachment integrity, ground warning audibility",False
OFFICIAL_RECORD_CHECK_V1,S057,deepseek_v4_flash,deepseek/deepseek-v4-flash,RAG_SOURCE_PROBE_V1,RESOURCE_OR_POLICY_DECISION,PLAN_OR_ALLOCATION_DISPOSITION,ANSWERABLE,DEFER_DECISION,DETERMINISTIC,"The dossier lacks system-specific evidence for actual descent energy, attachment integrity, and ground warning audibility, which are critical to assessing ground risk. Evidence card E01 indicates that nominal 80 J may be unreliable, and E02 shows historical failures, but no data for this proposal. Therefore, a final decision cannot be made until this evidence is obtained.","The record's statement that the dossier provides no system-specific evidence for these factors, combined with the requirement for a SORA risk assessment (E03), necessitates deferral.",False
OFFICIAL_RECORD_CHECK_V1,S057,meta_muse_30b,meta/muse-glimmer-30b,RAW_SOURCE_PROBE_V1,RESOURCE_OR_POLICY_DECISION,PLAN_OR_ALLOCATION_DISPOSITION,ANSWERABLE,DEFER_DECISION,INTERPRETIVE,"The current record cites only a nominal 80 J impact-energy value and lacks system-specific evidence for actual descent energy, attachment integrity, and audibility of ground warning. On this incomplete record the proposal cannot be safely adopted or rejected now.","CASE S057: dossier provides no system-specific evidence for actual descent energy, attachment integrity, or whether the ground warning can be heard",False
OFFICIAL_RECORD_CHECK_V1,S057,meta_muse_30b,meta/muse-glimmer-30b,RAG_SOURCE_PROBE_V1,RESOURCE_OR_POLICY_DECISION,PLAN_OR_ALLOCATION_DISPOSITION,ANSWERABLE,DEFER_DECISION,REGULATORY,"The dossier provides only a nominal 80 J impact-energy value with no system-specific evidence for actual descent energy, attachment integrity, or audibility of the ground warning. The current record therefore lacks decision-critical evidence needed to assess ground risk for the special-category UAS proposal.","CASE S057 case_record: no system-specific evidence for actual descent energy, attachment integrity, or whether ground warning can be heard; endpoint_policy_card DEFER_DECISION: make no final adoption decision until specified decision-critical evidence is obtained.",False
OFFICIAL_RECORD_CHECK_V1,S058,qwen38_flagship,qwen/qwen3.8-2.4t-a95b,RAW_SOURCE_PROBE_V1,RESOURCE_OR_POLICY_DECISION,PLAN_OR_ALLOCATION_DISPOSITION,ANSWERABLE,DEFER_DECISION,INTERPRETIVE,"The proposal to move all reconnaissance UAS to the new site and cease monitoring at the original barrier lake cannot be responsibly adopted or rejected because the record explicitly lacks fleet size, relative risk at both sites, endurance, sensor coverage, and whether simultaneous monitoring is feasible. Without these critical inputs, the coordinator cannot assess whether the all-or-nothing reallocation is justified or whether a split allocation is possible.","CASE S058 record states: 'The record does not state fleet size, endurance, sensor coverage, communications, relative risk at the two sites, or whether both can be monitored at once.'",False
OFFICIAL_RECORD_CHECK_V1,S058,qwen38_flagship,qwen/qwen3.8-2.4t-a95b,RAG_SOURCE_PROBE_V1,RESOURCE_OR_POLICY_DECISION,PLAN_OR_ALLOCATION_DISPOSITION,ANSWERABLE,DEFER_DECISION,DETERMINISTIC,"Evidence card E03 explicitly states that the record lacks fleet capacity, endurance, sensor coverage, communications assessment, relative risk comparison between the two sites, and any evidence that concurrent monitoring is infeasible. Without these decision-critical inputs, the coordinator cannot determine whether moving all reconnaissance UAS and abandoning the original site is justified or whether both sites can be covered simultaneously.","E03: no reconnaissance-fleet capacity, endurance, sensor coverage, communications assessment, comparison of risk at the two sites, or evidence that concurrent monitoring is infeasible is available in the record.",False
OFFICIAL_RECORD_CHECK_V1,S058,glm52_flagship,z-ai/glm-5.2,RAW_SOURCE_PROBE_V1,RESOURCE_OR_POLICY_DECISION,PLAN_OR_ALLOCATION_DISPOSITION,ANSWERABLE,DEFER_DECISION,INTERPRETIVE,"The record lacks critical information such as fleet size, endurance, sensor coverage, and relative risk at the two sites needed to assess the safety of the proposed allocation. Because the proposal involves stopping all monitoring at the original site without establishing whether both sites can be monitored or the relative risks, the decision must be deferred until these facts are known.","The record does not state fleet size, endurance, sensor coverage, communications, relative risk at the two sites, or whether both can be monitored at once.",False
OFFICIAL_RECORD_CHECK_V1,S058,glm52_flagship,z-ai/glm-5.2,RAG_SOURCE_PROBE_V1,RESOURCE_OR_POLICY_DECISION,PLAN_OR_ALLOCATION_DISPOSITION,ANSWERABLE,DEFER_DECISION,INTERPRETIVE,"The proposed plan would move all reconnaissance UAS to the new site and stop monitoring the original barrier lake, but the record lacks critical information on fleet capacity, endurance, sensor coverage, communications, relative risk, and the feasibility of concurrent monitoring (E03). Without this evidence, a final adoption decision cannot be safely made.","E03: The available record gives no reconnaissance-fleet capacity, endurance, sensor coverage, communications assessment, comparison of risk at the two sites, or evidence that concurrent monitoring is infeasible.",False
OFFICIAL_RECORD_CHECK_V1,S058,deepseek_v4_flash,deepseek/deepseek-v4-flash,RAW_SOURCE_PROBE_V1,RESOURCE_OR_POLICY_DECISION,PLAN_OR_ALLOCATION_DISPOSITION,UNANSWERABLE,UNANSWERABLE,INTERPRETIVE,"The record lacks critical information about fleet capacity, sensor coverage, and relative risk at both sites, making it impossible to determine whether the proposed reallocation is appropriate.",,False
OFFICIAL_RECORD_CHECK_V1,S058,deepseek_v4_flash,deepseek/deepseek-v4-flash,RAG_SOURCE_PROBE_V1,RESOURCE_OR_POLICY_DECISION,PLAN_OR_ALLOCATION_DISPOSITION,ANSWERABLE,DEFER_DECISION,DETERMINISTIC,"The record lacks critical information about fleet capacity, endurance, and risk comparison, making it impossible to assess the proposed reallocation. Therefore, the decision is deferred until that evidence is obtained.","Evidence card E03 states that the record gives no reconnaissance-fleet capacity, endurance, sensor coverage, communications assessment, comparison of risk at the two sites, or evidence that concurrent monitoring is infeasible.",False
OFFICIAL_RECORD_CHECK_V1,S058,meta_muse_30b,meta/muse-glimmer-30b,RAW_SOURCE_PROBE_V1,RESOURCE_OR_POLICY_DECISION,PLAN_OR_ALLOCATION_DISPOSITION,UNANSWERABLE,UNANSWERABLE,DETERMINISTIC,"The case record lacks fleet size, endurance, sensor coverage, communications, and relative risk information needed to assess whether moving all reconnaissance UAS and stopping monitoring at the original site is safe or feasible.","CASE S058: record does not state fleet size, endurance, sensor coverage, communications, relative risk at the two sites, or whether both can be monitored at once",False
OFFICIAL_RECORD_CHECK_V1,S058,meta_muse_30b,meta/muse-glimmer-30b,RAG_SOURCE_PROBE_V1,RESOURCE_OR_POLICY_DECISION,PLAN_OR_ALLOCATION_DISPOSITION,ANSWERABLE,DEFER_DECISION,DETERMINISTIC,"The record confirms continuous monitoring of the original barrier lake and detection of a new downstream landslide, but provides no fleet capacity, endurance, coverage, communications, risk comparison, or feasibility of concurrent monitoring. Without decision-critical evidence the proposed reallocation cannot be assessed now.","CASE S058; evidence E03: no reconnaissance-fleet capacity, endurance, sensor coverage, communications assessment, comparison of risk at the two sites, or evidence that concurrent monitoring is infeasible.",False
